DATE,CSUSHPISA,Year,Month,GDP/capita,CPI,ROI,MAT_cost,New_house_supply,new_prop,Personal Income,Umemp Rate,Working_Population,Old_percent,Median_inc,Subsidies,No. of Households,Urban Population%
2002-01-01,117.144,2002,1,50091.0,142.0,1.73,142.0,4.2,1632.0,10514.7,5.7,182566431.891724,12.2874577893554,65820,24.183,109297.0,79.409
2002-02-01,117.845,2002,2,50156.0,142.2,1.74,142.2,4.0,1671.0,10531.6,5.7,182798390.110259,12.2874577893554,65820,24.183,109297.0,79.409
2002-03-01,118.687,2002,3,50221.0,143.2,1.73,143.2,4.1,1559.0,10539.0,5.7,183078312.425159,12.2874577893554,65820,24.183,109297.0,79.409
2002-04-01,119.611,2002,4,50286.0,143.5,1.75,143.5,4.3,1625.0,10574.2,5.9,183260453.015323,12.2874577893554,65820,24.183,109297.0,79.409
2002-05-01,120.724,2002,5,50311.333333333336,143.8,1.75,143.8,4.0,1705.0,10616.5,5.8,183508212.496981,12.2874577893554,65820,24.183,109297.0,79.409
2002-06-01,121.813,2002,6,50336.666666666664,144.3,1.75,144.3,4.2,1589.0,10648.2,5.8,183669058.444073,12.2874577893554,65820,24.183,109297.0,79.409
2002-07-01,122.888,2002,7,50362.0,144.7,1.73,144.7,4.2,1615.0,10621.0,5.8,183886883.515181,12.2874577893554,65820,24.183,109297.0,79.409
2002-08-01,123.83,2002,8,50342.0,145.1,1.74,145.1,4.0,1722.0,10623.0,5.7,184159563.752198,12.2874577893554,65820,24.183,109297.0,79.409
2002-09-01,124.78,2002,9,50322.0,145.4,1.75,145.4,3.9,1641.0,10633.6,5.7,184422418.039234,12.2874577893554,65820,24.183,109297.0,79.409
2002-10-01,125.735,2002,10,50302.0,145.0,1.75,145.0,4.0,1601.0,10661.8,5.7,184554225.96952,12.2874577893554,65820,24.183,109297.0,79.409
2002-11-01,126.67,2002,11,50355.333333333336,144.6,1.34,144.6,4.0,1718.0,10690.9,5.9,184744733.237442,12.2874577893554,65820,24.183,109297.0,79.409
2002-12-01,127.624,2002,12,50408.666666666664,144.3,1.24,144.3,4.0,1671.0,10719.9,6.0,184860046.150508,12.2874577893554,65820,24.183,109297.0,79.409
2003-01-01,128.461,2003,1,50462.0,144.4,1.24,144.4,4.0,1654.0,10710.4,5.8,185635346.37315,12.2779342993686,65860,25.93,111278.0,79.583
2003-02-01,129.355,2003,2,50573.333333333336,145.2,1.26,145.2,4.5,1688.0,10674.0,5.9,185869692.256356,12.2779342993686,65860,25.93,111278.0,79.583
2003-03-01,130.148,2003,3,50684.666666666664,145.2,1.25,145.2,4.1,1638.0,10696.5,5.9,186085118.209936,12.2779342993686,65860,25.93,111278.0,79.583
2003-04-01,130.884,2003,4,50796.0,145.9,1.26,145.9,4.1,1662.0,10752.7,6.0,186470753.987361,12.2779342993686,65860,25.93,111278.0,79.583
2003-05-01,131.735,2003,5,51034.666666666664,145.8,1.26,145.8,3.9,1733.0,10832.0,6.1,186649077.97267705,12.2779342993686,65860,25.93,111278.0,79.583
2003-06-01,132.649,2003,6,51273.333333333336,146.1,1.22,146.1,3.5,1641.0,10860.6,6.3,186800679.576504,12.2779342993686,65860,25.93,111278.0,79.583
2003-07-01,133.77700000000002,2003,7,51512.0,147.0,1.01,147.0,3.6,1680.0,10991.1,6.2,187066500.33798295,12.2779342993686,65860,25.93,111278.0,79.583
2003-08-01,134.969,2003,8,51670.0,147.2,1.03,147.2,3.5,1570.0,11066.7,6.1,187304009.475925,12.2779342993686,65860,25.93,111278.0,79.583
2003-09-01,136.29399999999998,2003,9,51828.0,149.0,1.01,149.0,3.8,1719.0,10940.8,6.1,187538981.253475,12.2779342993686,65860,25.93,111278.0,79.583
2003-10-01,137.531,2003,10,51986.0,149.6,1.01,149.6,3.8,1728.0,10982.3,6.0,187738514.819484,12.2779342993686,65860,25.93,111278.0,79.583
2003-11-01,138.79399999999998,2003,11,52050.333333333336,150.2,1.0,150.2,4.1,1692.0,11048.4,5.8,187972351.58827305,12.2779342993686,65860,25.93,111278.0,79.583
2003-12-01,140.179,2003,12,52114.666666666664,149.7,0.98,149.7,4.0,1716.0,11057.2,5.7,188136094.87789,12.2779342993686,65860,25.93,111278.0,79.583
2004-01-01,141.64600000000002,2004,1,52179.0,150.0,1.0,150.0,3.8,1709.0,11051.2,5.7,187688839.482615,12.3047192322804,65760,27.201,112000.0,79.757
2004-02-01,143.192,2004,2,52275.666666666664,153.4,1.01,153.4,3.7,1718.0,11071.0,5.6,187876003.023031,12.3047192322804,65760,27.201,112000.0,79.757
2004-03-01,145.059,2004,3,52372.333333333336,156.5,1.0,156.5,3.6,1794.0,11115.6,5.8,188058175.618794,12.3047192322804,65760,27.201,112000.0,79.757
2004-04-01,146.593,2004,4,52469.0,160.1,1.0,160.1,4.0,1938.0,11153.3,5.6,188320660.933455,12.3047192322804,65760,27.201,112000.0,79.757
2004-05-01,148.186,2004,5,52591.0,162.7,1.0,162.7,3.8,1893.0,11208.9,5.6,188475226.058824,12.3047192322804,65760,27.201,112000.0,79.757
2004-06-01,149.85,2004,6,52713.0,162.0,1.03,162.0,3.9,1857.0,11215.8,5.6,188689296.34988895,12.3047192322804,65760,27.201,112000.0,79.757
2004-07-01,151.338,2004,7,52835.0,162.2,1.26,162.2,4.5,1881.0,11240.5,5.5,188839779.735266,12.3047192322804,65760,27.201,112000.0,79.757
2004-08-01,152.63299999999998,2004,8,52970.666666666664,165.9,1.43,165.9,4.3,1911.0,11274.6,5.4,189070874.198522,12.3047192322804,65760,27.201,112000.0,79.757
2004-09-01,154.179,2004,9,53106.333333333336,167.2,1.61,167.2,4.1,1796.0,11279.6,5.4,189216972.380313,12.3047192322804,65760,27.201,112000.0,79.757
2004-10-01,155.75,2004,10,53242.0,165.9,1.76,165.9,3.9,1839.0,11282.5,5.5,189444450.963992,12.3047192322804,65760,27.201,112000.0,79.757
2004-11-01,157.52700000000002,2004,11,53401.0,165.5,1.93,165.5,4.3,1758.0,11246.1,5.4,189655307.838414,12.3047192322804,65760,27.201,112000.0,79.757
2004-12-01,159.33,2004,12,53560.0,166.3,2.16,166.3,4.1,1921.0,11659.0,5.4,189811053.36688295,12.3047192322804,65760,27.201,112000.0,79.757
2005-01-01,161.28799999999998,2005,1,53719.0,168.6,2.28,168.6,4.4,1892.0,11226.5,5.3,189990144.46577495,12.3601628768533,66780,27.651,113343.0,79.928
2005-02-01,163.344,2005,2,53768.666666666664,170.4,2.5,170.4,4.3,1908.0,11229.0,5.4,190144602.89026895,12.3601628768533,66780,27.651,113343.0,79.928
2005-03-01,165.812,2005,3,53818.333333333336,170.0,2.63,170.0,4.1,1787.0,11268.8,5.2,190460726.509212,12.3601628768533,66780,27.651,113343.0,79.928
2005-04-01,167.50099999999998,2005,4,53868.0,170.0,2.79,170.0,4.3,1927.0,11304.2,5.2,190466075.803662,12.3601628768533,66780,27.651,113343.0,79.928
2005-05-01,169.351,2005,5,53963.0,168.1,3.0,168.1,4.2,2103.0,11352.7,5.1,190709890.602971,12.3601628768533,66780,27.651,113343.0,79.928
2005-06-01,171.19,2005,6,54058.0,167.8,3.04,167.8,4.3,1965.0,11375.5,5.0,190962474.634275,12.3601628768533,66780,27.651,113343.0,79.928
2005-07-01,172.86,2005,7,54153.0,167.2,3.26,167.2,4.2,1886.0,11387.1,5.0,191114389.968375,12.3601628768533,66780,27.651,113343.0,79.928
2005-08-01,174.442,2005,8,54207.666666666664,165.9,3.5,165.9,4.5,1952.0,11405.3,4.9,191266452.871752,12.3601628768533,66780,27.651,113343.0,79.928
2005-09-01,176.438,2005,9,54262.333333333336,168.9,3.62,168.9,4.7,1922.0,11365.2,5.0,191438220.909398,12.3601628768533,66780,27.651,113343.0,79.928
2005-10-01,178.028,2005,10,54317.0,171.6,3.78,171.6,4.5,1962.0,11428.7,5.0,191655197.459811,12.3601628768533,66780,27.651,113343.0,79.928
2005-11-01,179.68,2005,11,54520.333333333336,172.7,4.0,172.7,5.0,1907.0,11500.1,5.0,191932856.777771,12.3601628768533,66780,27.651,113343.0,79.928
2005-12-01,180.91,2005,12,54723.666666666664,173.5,4.16,173.5,4.9,1941.0,11535.2,4.9,192145684.546109,12.3601628768533,66780,27.651,113343.0,79.928
2006-01-01,182.321,2006,1,54927.0,177.2,4.29,177.2,5.3,2036.0,11651.8,4.7,192351175.115582,12.422071948027,67520,28.604,114384.0,80.099
2006-02-01,183.287,2006,2,54933.0,177.7,4.49,177.7,6.1,2048.0,11702.8,4.8,192542751.521493,12.422071948027,67520,28.604,114384.0,80.099
2006-03-01,184.364,2006,3,54939.0,178.3,4.59,178.3,5.9,2245.0,11747.5,4.7,192688879.143996,12.422071948027,67520,28.604,114384.0,80.099
2006-04-01,184.329,2006,4,54945.0,179.0,4.79,179.0,6.3,2071.0,11744.4,4.7,192814750.630729,12.422071948027,67520,28.604,114384.0,80.099
2006-05-01,184.156,2006,5,54925.333333333336,179.9,4.94,179.9,6.2,1897.0,11736.8,4.6,192912759.185218,12.422071948027,67520,28.604,114384.0,80.099
2006-06-01,183.507,2006,6,54905.666666666664,180.7,4.99,180.7,6.3,2050.0,11751.9,4.6,193147767.04692295,12.422071948027,67520,28.604,114384.0,80.099
2006-07-01,183.068,2006,7,54886.0,182.3,5.24,182.3,7.3,1934.0,11746.9,4.7,193315277.68087,12.422071948027,67520,28.604,114384.0,80.099
2006-08-01,182.594,2006,8,54996.0,182.6,5.25,182.6,6.7,1877.0,11737.0,4.7,193456234.309971,12.422071948027,67520,28.604,114384.0,80.099
2006-09-01,182.798,2006,9,55106.0,183.3,5.25,183.3,6.7,2011.0,11800.1,4.5,193556767.582028,12.422071948027,67520,28.604,114384.0,80.099
2006-10-01,183.198,2006,10,55216.0,182.3,5.25,182.3,7.3,1918.0,11853.7,4.4,193703230.089313,12.422071948027,67520,28.604,114384.0,80.099
2006-11-01,183.609,2006,11,55230.666666666664,179.8,5.25,179.8,6.6,1893.0,11901.9,4.5,193949729.62242305,12.422071948027,67520,28.604,114384.0,80.099
2006-12-01,184.139,2006,12,55245.333333333336,179.8,5.24,179.8,6.5,1888.0,11958.6,4.4,194181587.897399,12.422071948027,67520,28.604,114384.0,80.099
2007-01-01,184.517,2007,1,55260.0,181.1,5.25,181.1,7.2,1822.0,11956.6,4.6,194951758.751848,12.507803700301,68610,29.512,116011.0,80.269
2007-02-01,184.598,2007,2,55331.333333333336,181.5,5.26,181.5,7.9,1640.0,11996.0,4.5,195126741.73179305,12.507803700301,68610,29.512,116011.0,80.269
2007-03-01,184.15,2007,3,55402.666666666664,182.5,5.26,182.5,7.9,1623.0,12035.1,4.4,195232594.445134,12.507803700301,68610,29.512,116011.0,80.269
2007-04-01,183.01,2007,4,55474.0,183.7,5.25,183.7,7.4,1539.0,12052.8,4.5,195285473.944645,12.507803700301,68610,29.512,116011.0,80.269
2007-05-01,181.6,2007,5,55532.333333333336,184.0,5.25,184.0,7.8,1536.0,12059.9,4.4,195378957.753014,12.507803700301,68610,29.512,116011.0,80.269
2007-06-01,180.254,2007,6,55590.666666666664,184.0,5.25,184.0,8.2,1481.0,12053.3,4.6,195626531.991346,12.507803700301,68610,29.512,116011.0,80.269
2007-07-01,179.111,2007,7,55649.0,184.2,5.26,184.2,8.3,1534.0,12066.4,4.7,195763504.072784,12.507803700301,68610,29.512,116011.0,80.269
2007-08-01,178.116,2007,8,55718.333333333336,183.9,5.02,183.9,9.2,1512.0,12070.9,4.6,195850812.920352,12.507803700301,68610,29.512,116011.0,80.269
2007-09-01,177.558,2007,9,55787.666666666664,183.4,4.94,183.4,9.2,1356.0,12089.6,4.7,195981075.168908,12.507803700301,68610,29.512,116011.0,80.269
2007-10-01,176.62400000000002,2007,10,55857.0,183.0,4.76,183.0,8.5,1405.0,12080.4,4.7,196079324.765129,12.507803700301,68610,29.512,116011.0,80.269
2007-11-01,175.14700000000002,2007,11,55737.0,183.3,4.49,183.3,9.4,1390.0,12070.1,4.7,196221924.559695,12.507803700301,68610,29.512,116011.0,80.269
2007-12-01,174.342,2007,12,55617.0,183.5,4.24,183.5,9.6,1328.0,12120.5,5.0,196456046.63756305,12.507803700301,68610,29.512,116011.0,80.269
2008-01-01,173.132,2008,1,55497.0,184.3,3.94,184.3,9.3,1331.0,12137.1,5.0,196086885.646281,12.6708585039901,66280,29.876,116783.0,80.438
2008-02-01,171.541,2008,2,55566.333333333336,185.7,2.98,185.7,9.7,1274.0,12141.8,4.9,196234596.966847,12.6708585039901,66280,29.876,116783.0,80.438
2008-03-01,170.053,2008,3,55635.666666666664,187.8,2.61,187.8,10.5,1195.0,12145.9,5.1,196399720.740184,12.6708585039901,66280,29.876,116783.0,80.438
2008-04-01,168.338,2008,4,55705.0,190.9,2.28,190.9,10.3,1022.0,12100.8,5.0,196185183.956292,12.6708585039901,66280,29.876,116783.0,80.438
2008-05-01,166.65900000000002,2008,5,55562.666666666664,195.8,1.98,195.8,10.7,1142.0,12696.2,5.4,196465025.840138,12.6708585039901,66280,29.876,116783.0,80.438
2008-06-01,165.017,2008,6,55420.333333333336,200.4,2.0,200.4,10.7,1142.0,12376.6,5.6,196572839.950144,12.6708585039901,66280,29.876,116783.0,80.438
2008-07-01,163.566,2008,7,55278.0,203.4,2.01,203.4,10.5,1087.0,12188.7,5.8,196675087.052917,12.6708585039901,66280,29.876,116783.0,80.438
2008-08-01,161.987,2008,8,54832.333333333336,206.5,2.0,206.5,11.3,1017.0,12120.6,6.1,196811699.220529,12.6708585039901,66280,29.876,116783.0,80.438
2008-09-01,160.308,2008,9,54386.666666666664,206.3,1.81,206.3,10.9,1160.0,12149.0,6.1,196983627.413106,12.6708585039901,66280,29.876,116783.0,80.438
2008-10-01,158.327,2008,10,53941.0,201.8,0.97,201.8,11.6,1055.0,12240.5,6.5,197148227.499098,12.6708585039901,66280,29.876,116783.0,80.438
2008-11-01,156.142,2008,11,53701.0,199.6,0.39,199.6,11.4,1076.0,12345.9,6.8,197282902.994639,12.6708585039901,66280,29.876,116783.0,80.438
2008-12-01,153.619,2008,12,53461.0,194.8,0.16,194.8,11.2,1021.0,12288.8,7.3,197450630.74704,12.6708585039901,66280,29.876,116783.0,80.438
2009-01-01,151.507,2009,1,53221.0,193.3,0.15,193.3,12.2,777.0,12361.5,7.8,196957168.078512,12.8562585688817,65850,32.883,117181.0,80.606
2009-02-01,150.015,2009,2,53153.0,191.2,0.22,191.2,10.5,819.0,12241.9,8.3,197130254.265795,12.8562585688817,65850,32.883,117181.0,80.606
2009-03-01,148.66,2009,3,53085.0,190.2,0.18,190.2,11.0,839.0,12242.7,8.7,197296740.796326,12.8562585688817,65850,32.883,117181.0,80.606
2009-04-01,147.94899999999998,2009,4,53017.0,188.1,0.15,188.1,10.7,846.0,12320.0,9.0,197765218.550998,12.8562585688817,65850,32.883,117181.0,80.606
2009-05-01,147.694,2009,5,53038.333333333336,186.9,0.18,186.9,9.3,818.0,12500.1,9.4,197891891.901038,12.8562585688817,65850,32.883,117181.0,80.606
2009-06-01,148.09,2009,6,53059.666666666664,187.1,0.21,187.1,8.5,797.0,12273.2,9.5,197604115.283094,12.8562585688817,65850,32.883,117181.0,80.606
2009-07-01,148.41,2009,7,53081.0,187.6,0.16,187.6,7.9,797.0,12218.7,9.5,197767457.71878,12.8562585688817,65850,32.883,117181.0,80.606
2009-08-01,148.278,2009,8,53231.0,188.1,0.16,188.1,7.5,792.0,12194.8,9.6,198115216.55840105,12.8562585688817,65850,32.883,117181.0,80.606
2009-09-01,148.025,2009,9,53381.0,189.3,0.15,189.3,7.8,721.0,12230.6,9.8,198362395.499829,12.8562585688817,65850,32.883,117181.0,80.606
2009-10-01,147.85,2009,10,53531.0,189.7,0.12,189.7,7.4,746.0,12193.2,10.0,198618566.659451,12.8562585688817,65850,32.883,117181.0,80.606
2009-11-01,148.134,2009,11,53581.666666666664,189.2,0.12,189.2,7.6,844.0,12224.4,9.9,198613900.547094,12.8562585688817,65850,32.883,117181.0,80.606
2009-12-01,147.929,2009,12,53632.333333333336,189.4,0.12,189.4,8.0,750.0,12280.2,9.9,198622777.171291,12.8562585688817,65850,32.883,117181.0,80.606
2010-01-01,147.39600000000002,2010,1,53683.0,190.3,0.11,190.3,8.1,689.0,12285.8,9.8,198064131.621042,13.0281784974361,64300,32.669,117538.0,80.772
2010-02-01,145.631,2010,2,53822.0,192.2,0.13,192.2,8.3,670.0,12292.0,9.8,198328300.957783,13.0281784974361,64300,32.669,117538.0,80.772
2010-03-01,145.859,2010,3,53961.0,193.7,0.16,193.7,7.1,635.0,12340.3,9.9,198648956.056007,13.0281784974361,64300,32.669,117538.0,80.772
2010-04-01,146.403,2010,4,54100.0,196.5,0.2,196.5,6.2,737.0,12447.1,9.9,199116837.453571,13.0281784974361,64300,32.669,117538.0,80.772
2010-05-01,146.394,2010,5,54200.333333333336,198.9,0.2,198.9,9.3,702.0,12540.3,9.6,199225487.91262695,13.0281784974361,64300,32.669,117538.0,80.772
2010-06-01,145.721,2010,6,54300.666666666664,197.2,0.18,197.2,8.3,894.0,12544.3,9.4,198999262.421882,13.0281784974361,64300,32.669,117538.0,80.772
2010-07-01,144.991,2010,7,54401.0,195.6,0.18,195.6,8.9,572.0,12554.2,9.4,199105074.427268,13.0281784974361,64300,32.669,117538.0,80.772
2010-08-01,143.916,2010,8,54457.0,194.1,0.19,194.1,8.8,592.0,12591.4,9.5,199360082.210574,13.0281784974361,64300,32.669,117538.0,80.772
2010-09-01,143.019,2010,9,54513.0,193.9,0.19,193.9,7.6,632.0,12589.9,9.5,199591386.883824,13.0281784974361,64300,32.669,117538.0,80.772
2010-10-01,142.531,2010,10,54569.0,193.8,0.19,193.8,8.2,605.0,12592.5,9.4,199860409.9584,13.0281784974361,64300,32.669,117538.0,80.772
2010-11-01,142.173,2010,11,54493.0,193.6,0.19,193.6,8.2,552.0,12605.1,9.8,199933840.025682,13.0281784974361,64300,32.669,117538.0,80.772
2010-12-01,142.06,2010,12,54417.0,194.2,0.18,194.2,7.0,565.0,12680.6,9.3,199961557.434899,13.0281784974361,64300,32.669,117538.0,80.772
2011-01-01,141.52100000000002,2011,1,54341.0,195.9,0.17,195.9,7.3,520.0,12740.1,9.1,199070588.283022,13.2702031218742,63350,34.23,119927.0,80.944
2011-02-01,140.35,2011,2,54430.666666666664,198.1,0.16,198.1,8.1,615.0,12776.6,9.0,199328475.322804,13.2702031218742,63350,34.23,119927.0,80.944
2011-03-01,139.981,2011,3,54520.333333333336,199.7,0.14,199.7,7.2,591.0,12742.7,9.0,199524091.216163,13.2702031218742,63350,34.23,119927.0,80.944
2011-04-01,140.01,2011,4,54610.0,201.1,0.1,201.1,6.7,549.0,12721.3,9.1,199950702.45863,13.2702031218742,63350,34.23,119927.0,80.944
2011-05-01,139.905,2011,5,54567.333333333336,201.6,0.09,201.6,6.6,549.0,12705.3,9.0,200048232.572712,13.2702031218742,63350,34.23,119927.0,80.944
2011-06-01,139.862,2011,6,54524.666666666664,201.9,0.09,201.9,6.6,579.0,12756.9,9.1,199917201.43496,13.2702031218742,63350,34.23,119927.0,80.944
2011-07-01,139.73,2011,7,54482.0,202.6,0.07,202.6,6.7,634.0,12805.6,9.0,200019712.799292,13.2702031218742,63350,34.23,119927.0,80.944
2011-08-01,139.309,2011,8,54647.666666666664,202.8,0.1,202.8,6.5,614.0,12799.7,9.0,200121131.328388,13.2702031218742,63350,34.23,119927.0,80.944
2011-09-01,138.668,2011,9,54813.333333333336,202.7,0.08,202.7,6.3,603.0,12781.7,9.0,200261981.843865,13.2702031218742,63350,34.23,119927.0,80.944
2011-10-01,137.952,2011,10,54979.0,202.7,0.07,202.7,6.0,566.0,12791.9,8.8,200456315.211364,13.2702031218742,63350,34.23,119927.0,80.944
2011-11-01,137.15200000000002,2011,11,55100.0,202.2,0.08,202.2,5.7,585.0,12782.7,8.6,200414593.178849,13.2702031218742,63350,34.23,119927.0,80.944
2011-12-01,136.674,2011,12,55221.0,202.2,0.07,202.2,5.3,610.0,12898.5,8.5,200418323.18193,13.2702031218742,63350,34.23,119927.0,80.944
2012-01-01,136.607,2012,1,55342.0,203.9,0.08,203.9,5.3,545.0,12967.5,8.3,201012879.326228,13.5844369333927,63350,33.283,121084.0,81.119
2012-02-01,136.533,2012,2,55391.333333333336,205.1,0.1,205.1,4.8,561.0,13029.6,8.3,201108274.046387,13.5844369333927,63350,33.283,121084.0,81.119
2012-03-01,137.904,2012,3,55440.666666666664,205.7,0.13,205.7,4.9,582.0,13066.4,8.2,201199800.545114,13.5844369333927,63350,33.283,121084.0,81.119
2012-04-01,139.154,2012,4,55490.0,206.3,0.14,206.3,4.9,671.0,13116.5,8.2,201473874.824689,13.5844369333927,63350,33.283,121084.0,81.119
2012-05-01,140.155,2012,5,55478.0,206.5,0.16,206.5,4.7,626.0,13112.5,8.2,201512387.169875,13.5844369333927,63350,33.283,121084.0,81.119
2012-06-01,141.029,2012,6,55466.0,206.6,0.16,206.6,4.8,625.0,13097.2,8.2,201442085.960376,13.5844369333927,63350,33.283,121084.0,81.119
2012-07-01,141.66899999999998,2012,7,55454.0,206.2,0.16,206.2,4.6,676.0,12999.8,8.2,201434361.59993,13.5844369333927,63350,33.283,121084.0,81.119
2012-08-01,142.279,2012,8,55437.0,205.5,0.13,205.5,4.6,684.0,12961.6,8.1,201503946.658442,13.5844369333927,63350,33.283,121084.0,81.119
2012-09-01,142.908,2012,9,55420.0,206.6,0.14,206.6,4.5,652.0,13053.1,7.8,201622437.000035,13.5844369333927,63350,33.283,121084.0,81.119
2012-10-01,143.6,2012,10,55403.0,205.5,0.16,205.5,4.9,730.0,13142.0,7.8,201721747.344093,13.5844369333927,63350,33.283,121084.0,81.119
2012-11-01,144.585,2012,11,55555.0,205.6,0.16,205.6,4.6,668.0,13315.7,7.7,201770072.049884,13.5844369333927,63350,33.283,121084.0,81.119
2012-12-01,145.503,2012,12,55707.0,206.4,0.16,206.4,4.5,677.0,13642.7,7.9,201889077.49231097,13.5844369333927,63350,33.283,121084.0,81.119
2013-01-01,146.827,2013,1,55859.0,208.4,0.14,208.4,4.0,714.0,12845.5,8.0,201739926.713021,13.8910756761845,65740,33.213,122459.0,81.299
2013-02-01,147.785,2013,2,55877.333333333336,209.1,0.15,209.1,4.1,729.0,12813.9,7.7,201879587.833252,13.8910756761845,65740,33.213,122459.0,81.299
2013-03-01,149.963,2013,3,55895.666666666664,209.8,0.14,209.8,4.2,816.0,12852.1,7.5,202092974.712288,13.8910756761845,65740,33.213,122459.0,81.299
2013-04-01,151.519,2013,4,55914.0,210.7,0.15,210.7,4.4,712.0,12893.4,7.6,202114604.53795,13.8910756761845,65740,33.213,122459.0,81.299
2013-05-01,152.85,2013,5,56033.333333333336,209.5,0.11,209.5,4.6,708.0,12954.2,7.5,202300530.337311,13.8910756761845,65740,33.213,122459.0,81.299
2013-06-01,154.19899999999998,2013,6,56152.666666666664,208.8,0.09,208.8,4.1,736.0,12955.7,7.5,202335339.614864,13.8910756761845,65740,33.213,122459.0,81.299
2013-07-01,155.60399999999998,2013,7,56272.0,208.3,0.09,208.3,5.5,784.0,12941.8,7.3,202343929.264849,13.8910756761845,65740,33.213,122459.0,81.299
2013-08-01,156.965,2013,8,56395.333333333336,208.9,0.08,208.9,5.5,765.0,12969.6,7.2,202433138.888136,13.8910756761845,65740,33.213,122459.0,81.299
2013-09-01,158.227,2013,9,56518.666666666664,208.9,0.08,208.9,5.4,776.0,13027.5,7.2,202607857.442801,13.8910756761845,65740,33.213,122459.0,81.299
2013-10-01,159.24200000000002,2013,10,56642.0,209.3,0.09,209.3,4.9,801.0,12974.6,7.2,202635928.413109,13.8910756761845,65740,33.213,122459.0,81.299
2013-11-01,160.07399999999998,2013,11,56543.0,209.8,0.08,209.8,5.0,839.0,12998.9,6.9,202701720.34911,13.8910756761845,65740,33.213,122459.0,81.299
2013-12-01,160.994,2013,12,56444.0,209.8,0.09,209.8,5.2,778.0,13019.1,6.7,202726176.172807,13.8910756761845,65740,33.213,122459.0,81.299
2014-01-01,161.92700000000002,2014,1,56345.0,211.7,0.07,211.7,5.1,838.0,13079.5,6.6,202493411.868639,14.1355633751345,64900,33.806,123229.0,81.483
2014-02-01,162.526,2014,2,56552.666666666664,212.7,0.07,212.7,5.3,876.0,13148.0,6.7,202561070.650782,14.1355633751345,64900,33.806,123229.0,81.483
2014-03-01,163.086,2014,3,56760.333333333336,213.4,0.08,213.4,5.6,893.0,13219.9,6.7,202693607.013295,14.1355633751345,64900,33.806,123229.0,81.483
2014-04-01,163.393,2014,4,56968.0,213.6,0.09,213.6,5.7,834.0,13270.2,6.2,202799483.716883,14.1355633751345,64900,33.806,123229.0,81.483
2014-05-01,163.66,2014,5,57157.333333333336,214.3,0.09,214.3,5.2,891.0,13312.9,6.3,202923873.293004,14.1355633751345,64900,33.806,123229.0,81.483
2014-06-01,164.062,2014,6,57346.666666666664,214.5,0.1,214.5,5.7,800.0,13360.4,6.1,203093194.09441105,14.1355633751345,64900,33.806,123229.0,81.483
2014-07-01,164.577,2014,7,57536.0,214.8,0.09,214.8,6.2,839.0,13386.8,6.2,203116450.810818,14.1355633751345,64900,33.806,123229.0,81.483
2014-08-01,165.215,2014,8,57591.333333333336,215.5,0.09,215.5,5.4,908.0,13445.9,6.1,203209765.041602,14.1355633751345,64900,33.806,123229.0,81.483
2014-09-01,165.905,2014,9,57646.666666666664,215.7,0.09,215.7,5.4,975.0,13486.3,5.9,203253731.075518,14.1355633751345,64900,33.806,123229.0,81.483
2014-10-01,166.642,2014,10,57702.0,215.9,0.09,215.9,5.3,920.0,13550.7,5.7,203283833.574695,14.1355633751345,64900,33.806,123229.0,81.483
2014-11-01,167.335,2014,11,57841.666666666664,215.8,0.09,215.8,5.7,863.0,13624.4,5.8,203371703.641928,14.1355633751345,64900,33.806,123229.0,81.483
2014-12-01,168.05,2014,12,57981.333333333336,215.5,0.12,215.5,5.1,955.0,13719.1,5.6,203426054.88517305,14.1355633751345,64900,33.806,123229.0,81.483
2015-01-01,168.634,2015,1,58121.0,215.8,0.11,215.8,4.8,954.0,13797.7,5.7,203882371.279071,14.3277540980291,68410,34.859,124587.0,81.671
2015-02-01,169.13,2015,2,58206.0,215.3,0.11,215.3,4.5,863.0,13848.0,5.5,203937741.558208,14.3277540980291,68410,34.859,124587.0,81.671
2015-03-01,169.8,2015,3,58291.0,215.0,0.11,215.0,5.1,781.0,13811.3,5.4,204002981.996736,14.3277540980291,68410,34.859,124587.0,81.671
2015-04-01,170.298,2015,4,58376.0,214.5,0.12,214.5,4.9,1001.0,13842.0,5.4,204017514.634363,14.3277540980291,68410,34.859,124587.0,81.671
2015-05-01,170.88099999999997,2015,5,58412.666666666664,213.7,0.12,213.7,5.0,1012.0,13865.6,5.6,204232987.717287,14.3277540980291,68410,34.859,124587.0,81.671
2015-06-01,171.46900000000002,2015,6,58449.333333333336,213.7,0.13,213.7,5.4,962.0,13874.1,5.3,204417752.572942,14.3277540980291,68410,34.859,124587.0,81.671
2015-07-01,172.13,2015,7,58486.0,213.7,0.13,213.7,5.2,988.0,13905.7,5.2,204506088.881945,14.3277540980291,68410,34.859,124587.0,81.671
2015-08-01,172.937,2015,8,58480.666666666664,213.3,0.14,213.3,5.0,974.0,13935.8,5.1,204556122.755438,14.3277540980291,68410,34.859,124587.0,81.671
2015-09-01,173.828,2015,9,58475.333333333336,212.5,0.14,212.5,5.9,1040.0,13972.2,5.0,204527761.662847,14.3277540980291,68410,34.859,124587.0,81.671
2015-10-01,174.792,2015,10,58470.0,212.4,0.12,212.4,5.6,985.0,13996.9,5.0,204580177.077722,14.3277540980291,68410,34.859,124587.0,81.671
2015-11-01,175.739,2015,11,58548.0,211.7,0.12,211.7,5.5,1000.0,13993.4,5.1,204606894.698126,14.3277540980291,68410,34.859,124587.0,81.671
2015-12-01,176.543,2015,12,58626.0,210.9,0.24,210.9,5.1,1023.0,14060.2,5.0,204720548.387829,14.3277540980291,68410,34.859,124587.0,81.671
2016-01-01,177.274,2016,1,58704.0,211.4,0.34,211.4,5.6,1056.0,14121.1,4.8,205109771.430019,14.672311496844,70840,37.55,125819.0,81.862
2016-02-01,177.649,2016,2,58731.666666666664,211.3,0.38,211.3,5.5,1037.0,14135.3,4.9,205162885.835179,14.672311496844,70840,37.55,125819.0,81.862
2016-03-01,178.16400000000002,2016,3,58759.333333333336,211.6,0.36,211.6,5.5,1003.0,14135.4,5.0,205294868.071864,14.672311496844,70840,37.55,125819.0,81.862
2016-04-01,178.767,2016,4,58787.0,212.7,0.37,212.7,5.0,945.0,14106.2,5.1,205241855.30181,14.672311496844,70840,37.55,125819.0,81.862
2016-05-01,179.43,2016,5,58886.0,213.7,0.37,213.7,5.1,1000.0,14095.5,4.8,205444475.592398,14.672311496844,70840,37.55,125819.0,81.862
2016-06-01,180.082,2016,6,58985.0,214.6,0.38,214.6,5.3,1109.0,14104.9,4.9,205611840.100965,14.672311496844,70840,37.55,125819.0,81.862
2016-07-01,180.832,2016,7,59084.0,215.3,0.39,215.3,4.5,1072.0,14160.1,4.8,205721546.247137,14.672311496844,70840,37.55,125819.0,81.862
2016-08-01,181.852,2016,8,59154.666666666664,216.0,0.4,216.0,5.0,1054.0,14176.7,4.9,205719975.952004,14.672311496844,70840,37.55,125819.0,81.862
2016-09-01,182.824,2016,9,59225.333333333336,215.3,0.4,215.3,5.2,1035.0,14209.1,5.0,205746285.757389,14.672311496844,70840,37.55,125819.0,81.862
2016-10-01,183.751,2016,10,59296.0,214.8,0.4,214.8,5.2,1070.0,14235.4,4.9,205823439.447656,14.672311496844,70840,37.55,125819.0,81.862
2016-11-01,184.759,2016,11,59362.0,214.5,0.41,214.5,5.2,1244.0,14273.6,4.7,205811828.227144,14.672311496844,70840,37.55,125819.0,81.862
2016-12-01,185.722,2016,12,59428.0,215.5,0.54,215.5,5.4,1101.0,14313.7,4.7,205949625.567472,14.672311496844,70840,37.55,125819.0,81.862
2017-01-01,186.805,2017,1,59494.0,217.3,0.65,217.3,5.4,1081.0,14373.7,4.7,205344403.837718,15.0662903997382,72090,35.771,126224.0,82.058
2017-02-01,187.315,2017,2,59574.666666666664,218.8,0.66,218.8,5.3,1148.0,14416.8,4.6,205351513.930728,15.0662903997382,72090,35.771,126224.0,82.058
2017-03-01,187.993,2017,3,59655.333333333336,219.7,0.79,219.7,5.0,1147.0,14476.3,4.4,205267918.37708,15.0662903997382,72090,35.771,126224.0,82.058
2017-04-01,188.725,2017,4,59736.0,221.0,0.9,221.0,5.4,1069.0,14509.3,4.4,205393193.929005,15.0662903997382,72090,35.771,126224.0,82.058
2017-05-01,189.617,2017,5,59857.0,221.7,0.91,221.7,5.1,1170.0,14610.7,4.4,205502426.80103895,15.0662903997382,72090,35.771,126224.0,82.058
2017-06-01,190.51,2017,6,59978.0,221.9,1.04,221.9,5.3,1236.0,14618.7,4.3,205687226.297763,15.0662903997382,72090,35.771,126224.0,82.058
2017-07-01,191.452,2017,7,60099.0,221.9,1.15,221.9,5.8,1173.0,14660.2,4.3,205738306.568501,15.0662903997382,72090,35.771,126224.0,82.058
2017-08-01,192.665,2017,8,60290.666666666664,222.4,1.16,222.4,6.1,1107.0,14678.3,4.4,205719781.084534,15.0662903997382,72090,35.771,126224.0,82.058
2017-09-01,193.759,2017,9,60482.333333333336,223.1,1.15,223.1,5.3,1113.0,14706.0,4.3,205689659.650249,15.0662903997382,72090,35.771,126224.0,82.058
2017-10-01,194.804,2017,10,60674.0,223.9,1.15,223.9,5.5,1196.0,14748.6,4.2,205674728.188026,15.0662903997382,72090,35.771,126224.0,82.058
2017-11-01,195.955,2017,11,60813.666666666664,223.9,1.16,223.9,4.8,1182.0,14771.1,4.2,205660685.323879,15.0662903997382,72090,35.771,126224.0,82.058
2017-12-01,197.172,2017,12,60953.333333333336,224.1,1.3,224.1,5.6,1200.0,14797.9,4.1,205804333.906644,15.0662903997382,72090,35.771,126224.0,82.058
2018-01-01,198.315,2018,1,61093.0,225.8,1.41,225.8,6.0,1208.0,14886.6,4.0,206344543.075414,15.3976975750778,73030,38.859,127586.0,82.256
2018-02-01,199.232,2018,2,61174.0,228.7,1.42,228.7,5.7,1288.0,14921.1,4.1,206312186.569498,15.3976975750778,73030,38.859,127586.0,82.256
2018-03-01,199.966,2018,3,61255.0,231.3,1.51,231.3,5.2,1181.0,14974.8,4.0,206372831.658204,15.3976975750778,73030,38.859,127586.0,82.256
2018-04-01,200.658,2018,4,61336.0,232.4,1.69,232.4,5.6,1224.0,15007.2,4.0,206276661.888112,15.3976975750778,73030,38.859,127586.0,82.256
2018-05-01,201.425,2018,5,61431.333333333336,236.8,1.7,236.8,5.5,1262.0,15057.8,3.8,206525473.357245,15.3976975750778,73030,38.859,127586.0,82.256
2018-06-01,202.233,2018,6,61526.666666666664,239.2,1.82,239.2,5.8,1212.0,15119.3,4.0,206659173.823112,15.3976975750778,73030,38.859,127586.0,82.256
2018-07-01,202.913,2018,7,61622.0,239.6,1.91,239.6,6.0,1150.0,15184.7,3.8,206655624.781373,15.3976975750778,73030,38.859,127586.0,82.256
2018-08-01,203.689,2018,8,61621.0,239.4,1.91,239.4,6.5,1262.0,15238.6,3.8,206658042.804232,15.3976975750778,73030,38.859,127586.0,82.256
2018-09-01,204.349,2018,9,61620.0,240.0,1.95,240.0,6.6,1187.0,15237.5,3.7,206634780.35646105,15.3976975750778,73030,38.859,127586.0,82.256
2018-10-01,205.112,2018,10,61619.0,238.7,2.19,238.7,7.2,1122.0,15274.1,3.8,206625758.029937,15.3976975750778,73030,38.859,127586.0,82.256
2018-11-01,205.669,2018,11,61709.0,238.8,2.2,238.8,6.4,1131.0,15315.2,3.8,206649232.130241,15.3976975750778,73030,38.859,127586.0,82.256
2018-12-01,206.156,2018,12,61799.0,238.3,2.27,238.3,7.6,1053.0,15506.5,3.9,206768336.69479,15.3976975750778,73030,38.859,127586.0,82.256
2019-01-01,206.539,2019,1,61889.0,238.5,2.4,238.5,7.0,1258.0,15501.7,4.0,206195132.976976,15.7918008297391,78250,40.185,128579.0,82.459
2019-02-01,206.862,2019,2,62036.333333333336,238.1,2.4,238.1,6.4,1334.0,15553.7,3.8,206161240.463152,15.7918008297391,78250,40.185,128579.0,82.459
2019-03-01,207.066,2019,3,62183.666666666664,238.1,2.41,238.1,5.7,1301.0,15568.9,3.8,206102863.946716,15.7918008297391,78250,40.185,128579.0,82.459
2019-04-01,207.513,2019,4,62331.0,237.2,2.42,237.2,5.8,1329.0,15524.4,3.6,206172550.777842,15.7918008297391,78250,40.185,128579.0,82.459
2019-05-01,208.136,2019,5,62535.666666666664,237.3,2.39,237.3,6.7,1226.0,15519.6,3.7,206450917.997713,15.7918008297391,78250,40.185,128579.0,82.459
2019-06-01,208.649,2019,6,62740.333333333336,236.3,2.38,236.3,5.2,1169.0,15546.4,3.6,206561471.831503,15.7918008297391,78250,40.185,128579.0,82.459
2019-07-01,209.287,2019,7,62945.0,235.6,2.4,235.6,5.9,1219.0,15565.7,3.7,206406247.33032,15.7918008297391,78250,40.185,128579.0,82.459
2019-08-01,210.093,2019,8,63049.0,234.4,2.13,234.4,5.4,1294.0,15654.1,3.7,206400190.485784,15.7918008297391,78250,40.185,128579.0,82.459
2019-09-01,210.904,2019,9,63153.0,234.4,2.04,234.4,5.4,1150.0,15691.3,3.5,206317795.986342,15.7918008297391,78250,40.185,128579.0,82.459
2019-10-01,211.791,2019,10,63257.0,233.8,1.83,233.8,5.3,1294.0,15718.1,3.6,206248793.258298,15.7918008297391,78250,40.185,128579.0,82.459
2019-11-01,212.787,2019,11,62949.0,232.8,1.55,232.8,5.4,1244.0,15778.2,3.6,206324586.903383,15.7918008297391,78250,40.185,128579.0,82.459
2019-12-01,213.933,2019,12,62641.0,232.2,1.55,232.2,5.6,1310.0,15684.8,3.6,206397971.567839,15.7918008297391,78250,40.185,128579.0,82.459
2020-01-01,214.99400000000003,2020,1,62333.0,233.4,1.55,233.4,5.7,1302.0,15852.5,3.5,205738360.634943,16.2234001500798,76660,44.147,128451.0,82.664
2020-02-01,215.864,2020,2,60684.0,234.6,1.58,234.6,5.6,1271.0,15918.0,3.5,205608674.614351,16.2234001500798,76660,44.147,128451.0,82.664
2020-03-01,216.402,2020,3,59035.0,236.3,0.65,236.3,6.5,1247.0,15696.3,4.4,205444401.983235,16.2234001500798,76660,44.147,128451.0,82.664
2020-04-01,216.812,2020,4,57386.0,234.3,0.05,234.3,6.9,1207.0,18020.2,14.7,206991879.722064,16.2234001500798,76660,44.147,128451.0,82.664
2020-05-01,216.98,2020,5,58859.333333333336,233.3,0.05,233.3,5.4,1171.0,17104.6,13.2,206806811.868266,16.2234001500798,76660,44.147,128451.0,82.664
2020-06-01,217.616,2020,6,60332.666666666664,234.8,0.08,234.8,3.8,1244.0,17035.0,11.0,205516631.83436105,16.2234001500798,76660,44.147,128451.0,82.664
2020-07-01,219.378,2020,7,61806.0,237.0,0.09,237.0,3.4,1314.0,17193.2,10.2,205383291.36988705,16.2234001500798,76660,44.147,128451.0,82.664
2020-08-01,222.391,2020,8,62008.666666666664,240.9,0.1,240.9,3.3,1238.0,16525.8,8.4,205756721.971442,16.2234001500798,76660,44.147,128451.0,82.664
2020-09-01,225.837,2020,9,62211.333333333336,246.9,0.09,246.9,3.4,1446.0,16607.9,7.9,206102392.89660496,16.2234001500798,76660,44.147,128451.0,82.664
2020-10-01,229.753,2020,10,62414.0,246.4,0.09,246.4,3.3,1370.0,16561.9,6.9,206062967.906825,16.2234001500798,76660,44.147,128451.0,82.664
2020-11-01,233.208,2020,11,62685.0,244.3,0.09,244.3,4.0,1240.0,16368.1,6.7,206157848.349687,16.2234001500798,76660,44.147,128451.0,82.664
2020-12-01,236.486,2020,12,62956.0,248.0,0.09,248.0,4.1,1386.0,16406.1,6.7,206072530.61728495,16.2234001500798,76660,44.147,128451.0,82.664
2021-01-01,239.56,2021,1,63227.0,256.4,0.09,256.4,4.0,1344.0,18107.3,6.3,204942957.947155,16.6788954868121,76330,45.299,129224.0,82.873
2021-02-01,242.36900000000003,2021,2,63537.0,264.6,0.08,264.6,4.9,1322.0,16604.9,6.2,204900632.51885095,16.6788954868121,76330,45.299,129224.0,82.873
2021-03-01,245.465,2021,3,63847.0,276.7,0.07,276.7,4.4,1459.0,20422.6,6.1,205013086.55691305,16.6788954868121,76330,45.299,129224.0,82.873
2021-04-01,249.07,2021,4,64157.0,291.8,0.07,291.8,4.7,1438.0,17316.6,6.1,205390470.988754,16.6788954868121,76330,45.299,129224.0,82.873
2021-05-01,253.407,2021,5,64309.666666666664,305.9,0.06,305.9,5.6,1337.0,16819.1,5.8,205611509.059514,16.6788954868121,76330,45.299,129224.0,82.873
2021-06-01,258.358,2021,6,64462.333333333336,315.7,0.08,315.7,5.8,1298.0,16736.3,5.9,205376625.956331,16.6788954868121,76330,45.299,129224.0,82.873
2021-07-01,262.82,2021,7,64615.0,313.542,0.1,313.542,5.7,1361.0,16836.1,5.4,205344083.081467,16.6788954868121,76330,45.299,129224.0,82.873
2021-08-01,266.845,2021,8,64960.333333333336,313.083,0.09,313.083,6.5,1312.0,16791.7,5.2,205334928.579499,16.6788954868121,76330,45.299,129224.0,82.873
2021-09-01,270.377,2021,9,65305.666666666664,317.136,0.08,317.136,6.0,1232.0,16564.3,4.8,205452287.613564,16.6788954868121,76330,45.299,129224.0,82.873
2021-10-01,273.725,2021,10,65651.0,322.12,0.08,322.12,6.8,1259.0,16547.4,4.5,205370913.422304,16.6788954868121,76330,45.299,129224.0,82.873
2021-11-01,277.21,2021,11,65529.333333333336,328.94,0.08,328.94,6.0,1389.0,16499.8,4.2,205364326.70385203,16.6788954868121,76330,45.299,129224.0,82.873
2021-12-01,281.342,2021,12,65407.666666666664,335.032,0.08,335.032,5.6,1337.0,16418.5,3.9,205320479.360096,16.6788954868121,76330,45.299,129224.0,82.873
2022-01-01,285.92400000000004,2022,1,65286.0,345.742,0.08,345.742,5.8,1256.0,16080.8,4.0,207106806.899557,17.1281205454528,74580,48.021,131202.0,83.084
